8mer,pos,ref,alt,affinity,core-present
AAATAAAA,1,C,A,0.4055885748799808,
CAAAAAAA,1,T,A,0.10544415622805273,Ablation
CAACAAAA,4,T,C,0.20532086309631448,Ablation
CAAGAAAA,3,T,G,0.08858447655517711,Ablation
CAATAAAA,4,C,C,1.0,
CAATAAAA,1,A,A,1.0,
CAATAAAA,1,A,A,1.0,
CAATAAAA,1,A,A,1.0,
CAATAAAA,1,A,A,1.0,
CAATAAAA,1,A,A,1.0,
CAATAAAA,1,A,A,1.0,
CAATAAAA,2,T,T,1.0,
CAATAAAC,4,A,C,0.5200395404977397,
CAATAAAG,3,A,G,0.48685563083244865,
CAATAAAT,2,A,T,0.5549121861218388,
CAATAACA,4,A,C,0.25370235186577644,Ablation
CAATAAGA,3,A,G,0.2108525374713588,Ablation
CAATAATA,2,A,T,0.2952261416430876,Ablation
CAATACAA,4,A,C,0.10856297761726327,Ablation
CAATAGAA,3,A,G,0.10855318519443116,Ablation
CAATATAA,2,A,T,0.3648574490895201,
CAATCAAA,4,A,C,0.184328911553923,Ablation
CAATGAAA,3,A,G,0.2611175661311691,Ablation
CAATTAAA,2,A,T,0.6837476986174275,
CACTAAAA,4,A,C,0.19130111661039068,
CAGTAAAA,3,A,G,0.45031540088285876,
CATTAAAA,2,A,T,0.4596209444517634,
CCATAAAA,4,A,C,0.7407416885505556,
CGATAAAA,3,A,G,0.29351338160693136,
CTATAAAA,2,A,T,0.7485753656849741,
GAATAAAA,3,C,G,0.2374086742325972,
TAATAAAA,2,C,T,0.8206539954456094,
